team,elo,recent_points
Scotland,1695.92607999359,"[3, 0, 3, 0, 0, 3, 3, 3, 0, 0]"
England,1927.5735628239684,"[3, 3, 3, 1, 3, 3, 3, 3, 0, 3]"
Wales,1669.7814477513887,"[3, 0, 0, 0, 3, 3, 1, 1, 1, 0]"
Northern Ireland,1574.5235030540305,"[3, 0, 3, 0, 0, 3, 0, 1, 3, 0]"
United States,1779.7261535124328,"[3, 0, 0, 3, 0, 3, 3, 0, 3, 0]"
Canada,1752.6395575400077,"[3, 1, 1, 3, 1, 1, 3, 0, 3, 0]"
Uruguay,1801.6007948007298,"[1, 3, 3, 1, 0, 1, 1, 1, 1, 0]"
Argentina,2008.2585176857392,"[3, 3, 3, 3, 3, 3, 3, 3, 3, 0]"
Austria,1775.94362243312,"[0, 3, 1, 3, 3, 3, 3, 0, 1, 0]"
Hungary,1712.1723089011211,"[1, 0, 3, 1, 3, 0, 3, 1, 3, 3]"
Czechoslovakia,1670.065483608874,"[0, 3, 1, 1, 1, 3, 3, 1, 3, 1]"
Belgium,1858.4824834072772,"[3, 1, 3, 3, 1, 1, 3, 3, 3, 0]"
France,1949.7130412048236,"[0, 3, 3, 3, 3, 3, 3, 3, 0, 0]"
Switzerland,1812.4690571913122,"[0, 1, 3, 1, 1, 3, 3, 3, 1, 0]"
Guernsey,1672.4125229603196,"[3, 3, 0, 3, 0, 0, 3, 3, 0, 3]"
Alderney,1183.2208520188324,"[0, 0, 3, 0, 0, 0, 0, 3, 0, 0]"
Jersey,1720.050847672045,"[3, 3, 3, 3, 3, 3, 3, 3, 1, 0]"
Netherlands,1881.7141381324568,"[1, 3, 3, 1, 0, 3, 1, 3, 3, 1]"
Guyana,1458.2592172008149,"[3, 3, 3, 0, 0, 3, 3, 3, 3, 3]"
Trinidad and Tobago,1498.9068844636085,"[0, 3, 1, 1, 1, 0, 0, 1, 0, 0]"
South Africa,1636.7322655631626,"[3, 0, 1, 0, 1, 3, 0, 1, 3, 0]"
Germany,1879.728133684193,"[3, 3, 3, 3, 3, 3, 3, 3, 0, 1]"
Sweden,1713.3532929356136,"[0, 1, 3, 3, 0, 1, 3, 0, 1, 0]"
Norway,1793.3532381843954,"[0, 1, 3, 1, 3, 3, 0, 3, 3, 0]"
Denmark,1805.1884139882295,"[1, 3, 3, 3, 1, 0, 3, 1, 1, 3]"
Italy,1852.561410000941,"[3, 3, 3, 3, 3, 0, 3, 1, 3, 3]"
Chile,1703.4562155149076,"[0, 0, 1, 3, 3, 3, 3, 0, 0, 3]"
Russia,1755.891573698624,"[3, 3, 3, 1, 0, 3, 1, 0, 3, 3]"
Finland,1553.3181090310218,"[0, 0, 3, 0, 0, 3, 3, 1, 0, 0]"
Luxembourg,1439.3755201494855,"[0, 1, 0, 0, 0, 0, 0, 0, 0, 3]"
Catalonia,1629.1254509322807,"[3, 3, 3, 1, 1, 3, 1, 0, 1, 3]"
Philippines,1367.0082557952646,"[1, 3, 3, 3, 3, 3, 0, 3, 0, 0]"
China,1552.2790512910692,"[0, 0, 0, 0, 3, 1, 3, 0, 3, 1]"
Brazil,1917.9443145922537,"[1, 0, 3, 3, 3, 1, 3, 3, 3, 0]"
Basque Country,1713.1927497431313,"[3, 1, 3, 1, 3, 3, 1, 3, 1, 3]"
Japan,1854.4291899966388,"[3, 3, 3, 3, 3, 3, 1, 3, 1, 0]"
Paraguay,1733.6138597625786,"[0, 3, 3, 0, 3, 0, 3, 1, 1, 0]"
Romania,1632.1662351505076,"[0, 1, 3, 3, 0, 3, 0, 0, 1, 3]"
Greece,1689.5947834825643,"[3, 0, 0, 0, 3, 1, 0, 1, 1, 0]"
Yugoslavia,1693.6151556433335,"[1, 3, 0, 3, 1, 0, 3, 0, 3, 0]"
Spain,2019.879088707935,"[1, 3, 1, 3, 3, 3, 3, 3, 3, 3]"
Egypt,1736.5633010027777,"[1, 3, 1, 3, 0, 1, 3, 1, 1, 0]"
Estonia,1441.2145719353446,"[0, 1, 0, 1, 0, 3, 1, 0, 3, 3]"
Suriname,1517.7244103603532,"[0, 0, 1, 1, 3, 1, 1, 3, 0, 0]"
Provence,1458.410474876725,"[0, 0, 3, 3, 0, 0, 3, 3, 0, 0]"
Costa Rica,1647.312498812323,"[1, 1, 1, 3, 0, 1, 1, 0, 0, 0]"
El Salvador,1481.3856437350955,"[3, 0, 0, 0, 0, 0, 1, 3, 0, 1]"
Guatemala,1559.4620889083328,"[0, 0, 1, 1, 3, 0, 3, 0, 0, 0]"
Poland,1720.974206579042,"[1, 3, 3, 3, 1, 3, 3, 0, 0, 1]"
Portugal,1900.3883088848581,"[3, 1, 3, 3, 3, 1, 3, 1, 3, 0]"
Brittany,1521.250614299474,"[0, 1, 1, 3, 1, 3, 0, 3, 0, 3]"
New Zealand,1602.3184601713892,"[1, 0, 0, 0, 3, 0, 0, 1, 0, 0]"
Australia,1765.7088652392956,"[0, 0, 3, 3, 0, 1, 3, 0, 1, 1]"
Latvia,1357.7353745108887,"[1, 1, 0, 0, 1, 0, 1, 0, 1, 0]"
Galicia,1532.4038050192744,"[0, 0, 3, 1, 1, 3, 3, 0, 1, 0]"
Central Spain,1500.55049469111,"[0, 3]"
Mexico,1844.6984607394659,"[1, 1, 3, 3, 3, 3, 3, 3, 3, 0]"
Andalusia,1581.9027822654773,"[3, 3, 3, 1, 3, 3, 1, 3, 3, 3]"
Asturias,1510.56675634087,[3]
Lithuania,1351.7617097341395,"[1, 0, 0, 0, 1, 0, 3, 0, 1, 0]"
Turkey,1780.2722215460412,"[3, 3, 1, 3, 3, 3, 3, 0, 0, 3]"
Aruba,1284.5755545116456,"[0, 0, 3, 1, 0, 1, 3, 3, 3, 0]"
Curaçao,1502.9253705689719,"[1, 3, 1, 0, 0, 0, 3, 0, 1, 0]"
Bulgaria,1508.3443012654466,"[0, 0, 0, 0, 0, 3, 3, 3, 0, 1]"
Republic of Ireland,1667.3413347512922,"[0, 0, 3, 3, 3, 1, 1, 3, 3, 1]"
Haiti,1571.7766821848338,"[0, 3, 3, 0, 1, 3, 0, 0, 0, 0]"
Jamaica,1600.6963613275618,"[0, 3, 1, 1, 3, 3, 0, 3, 0, 0]"
Kenya,1481.188457858346,"[1, 3, 0, 3, 3, 0, 0, 1, 3, 1]"
Uganda,1493.5497992791118,"[1, 3, 3, 3, 0, 3, 0, 0, 1, 0]"
Bolivia,1576.3506063531636,"[0, 0, 0, 1, 0, 3, 3, 0, 0, 0]"
Peru,1675.7833658477873,"[1, 0, 0, 0, 1, 0, 0, 1, 3, 0]"
Honduras,1593.508046093748,"[1, 0, 1, 3, 1, 3, 0, 1, 1, 0]"
Belarus,1519.4096706391874,"[0, 0, 0, 0, 1, 1, 3, 3, 3, 1]"
Ukraine,1736.8811961399938,"[0, 1, 3, 3, 0, 3, 0, 3, 3, 0]"
Barbados,1265.8158988897142,"[0, 0, 1, 1, 1, 0, 3, 0, 0, 0]"
Nicaragua,1447.4644835900376,"[0, 1, 0, 0, 0, 3, 0, 0, 1, 0]"
Cuba,1413.2544746667588,"[0, 3, 0, 0, 0, 0, 3, 3, 1, 1]"
Martinique,1472.9324244074048,"[0, 1, 3, 1, 0, 0, 0, 1, 1, 0]"
Dominica,1281.4159647563806,"[0, 1, 1, 1, 3, 0, 0, 0, 0, 1]"
Silesia,1507.9521654853993,"[0, 0, 3, 3, 0, 1, 3, 1]"
Guadeloupe,1500.9788149215283,"[3, 0, 1, 3, 3, 3, 3, 0, 0, 0]"
Israel,1594.0934298621755,"[3, 3, 3, 0, 0, 0, 1, 3, 1, 3]"
Indonesia,1495.4952718467662,"[0, 0, 3, 0, 3, 3, 3, 3, 0, 1]"
French Guiana,1432.9691762863413,"[3, 3, 0, 3, 0, 1, 0, 0, 0, 1]"
Saint Lucia,1334.591690802506,"[3, 3, 0, 0, 0, 0, 3, 0, 0, 0]"
Colombia,1894.1631447225338,"[3, 0, 0, 3, 3, 3, 3, 1, 3, 1]"
Panama,1670.58210978843,"[1, 0, 1, 3, 0, 3, 1, 0, 0, 0]"
Venezuela,1695.9364554484125,"[0, 0, 0, 0, 3, 0, 3, 1, 0, 3]"
Ecuador,1810.234275332594,"[1, 3, 1, 1, 3, 3, 0, 1, 3, 0]"
Saint Kitts and Nevis,1376.484495781361,"[3, 0, 0, 0, 3, 3, 1, 0, 0, 3]"
Grenada,1343.3283299066652,"[0, 3, 3, 3, 3, 3, 0, 0, 0, 0]"
India,1354.7734937793855,"[1, 0, 0, 1, 0, 0, 0, 0, 0, 1]"
Slovakia,1647.2176579810878,"[3, 3, 0, 3, 3, 0, 0, 3, 3, 1]"
Manchukuo,1468.3785396460028,"[0, 0, 0]"
Croatia,1830.4353030724094,"[3, 3, 3, 0, 0, 3, 0, 3, 3, 0]"
Lebanon,1445.0235865912853,"[3, 3, 0, 1, 1, 1, 3, 3, 3, 0]"
Puerto Rico,1382.6624505148525,"[0, 1, 0, 1, 0, 3, 0, 3, 3, 0]"
Afghanistan,1272.4754040955806,"[0, 0, 0, 0, 0, 1, 1, 3, 0, 0]"
Iran,1799.065657960565,"[3, 1, 1, 0, 3, 3, 3, 1, 1, 1]"
Mongolia,1177.7105286159479,"[0, 0, 0, 3, 0, 3, 0, 0, 0, 0]"
Tanzania,1413.9312617655994,"[0, 0, 0, 0, 0, 1, 1, 0, 0, 3]"
Zimbabwe,1461.2607866122894,"[1, 0, 0, 3, 0, 1, 0, 3, 0, 3]"
Zambia,1514.1377906112386,"[0, 0, 3, 0, 0, 0, 1, 1, 0, 0]"
Iceland,1562.3316819666109,"[0, 0, 1, 3, 0, 0, 1, 1, 0, 0]"
Albania,1575.3868746427715,"[3, 3, 3, 3, 3, 0, 0, 0, 0, 0]"
Montenegro,1527.21871146037,"[0, 0, 0, 3, 3, 0, 3, 0, 3, 1]"
Madagascar,1463.5496191679927,"[0, 0, 3, 3, 3, 0, 3, 3, 1, 0]"
Mauritius,1277.0432835639829,"[3, 1, 0, 0, 0, 1, 0, 0, 0, 1]"
Réunion,1554.1505767410972,"[3, 3, 3, 0, 3, 1, 1, 1, 3, 0]"
Zanzibar,1483.4094237112436,"[3, 3, 1, 0, 3, 1, 3, 0, 3, 3]"
Djibouti,1172.575206654665,"[1, 0, 1, 0, 0, 0, 0, 0, 0, 0]"
Ethiopia,1421.6264033368439,"[0, 3, 0, 3, 0, 0, 3, 0, 3, 1]"
DR Congo,1642.3811984624078,"[3, 0, 3, 3, 1, 0, 1, 0, 3, 0]"
South Korea,1779.1305584772333,"[3, 3, 3, 0, 0, 3, 3, 3, 0, 0]"
Vietnam,1574.1374869472722,"[3, 3, 3, 1, 3, 3, 3, 3, 3, 1]"
Macau,1082.1063257823587,"[0, 0, 0, 1, 0, 0, 0, 0, 0, 0]"
Dominican Republic,1459.7463515513157,"[0, 0, 1, 0, 0, 3, 1, 1, 1, 0]"
Cyprus,1399.4872116407041,"[0, 1, 1, 3, 0, 0, 0, 3, 1, 3]"
Sierra Leone,1435.2613960860274,"[0, 3, 0, 1, 3, 0, 3, 1, 3, 0]"
Nigeria,1716.1834797310598,"[3, 3, 1, 1, 3, 1, 3, 3, 1, 0]"
Syria,1523.0609373114153,"[1, 3, 3, 3, 3, 3, 1, 1, 0, 0]"
Serbia,1713.12973995578,"[3, 0, 0, 3, 0, 3, 0, 3, 0, 0]"
Taiwan,1241.1847297597528,"[0, 3, 3, 0, 0, 0, 0, 0, 0, 0]"
Ghana,1585.415138223705,"[0, 0, 0, 0, 0, 1, 3, 1, 0, 0]"
Myanmar,1275.7196815406157,"[1, 0, 0, 3, 0, 0, 0, 3, 3, 0]"
New Caledonia,1542.2672619452362,"[3, 3, 1, 3, 3, 1, 3, 0, 3, 0]"
Vanuatu,1476.4212514262322,"[3, 0, 0, 0, 1, 0, 3, 3, 1, 3]"
Fiji,1476.311671601292,"[1, 1, 1, 3, 0, 0, 0, 0, 0, 0]"
Pakistan,1192.191021464138,"[0, 0, 0, 0, 1, 1, 0, 3, 3, 3]"
Sri Lanka,1158.0729396957763,"[0, 3, 0, 3, 3, 0, 1, 3, 0, 0]"
German DR,1648.2398220529033,"[3, 3, 0, 0, 3, 3, 3, 3, 1, 3]"
Tahiti,1528.3397729262856,"[3, 3, 1, 0, 0, 3, 0, 3, 3, 0]"
Gambia,1482.6035746268337,"[0, 3, 1, 3, 3, 0, 3, 1, 0, 0]"
Hong Kong,1380.598380132634,"[1, 3, 0, 3, 3, 1, 1, 0, 3, 0]"
Singapore,1405.722890507426,"[0, 3, 3, 0, 3, 3, 1, 1, 0, 3]"
Malaysia,1503.760845993303,"[3, 3, 3, 3, 3, 3, 0, 3, 0, 0]"
Guinea-Bissau,1390.4147044248741,"[0, 0, 0, 0, 1, 3, 0, 0, 0, 1]"
Saarland,1463.2475001850744,"[3, 0, 1, 0, 0, 0, 0, 1, 0]"
Burundi,1407.871487180918,"[0, 0, 3, 3, 1, 0, 0, 0, 0, 0]"
Cameroon,1649.507661504001,"[3, 1, 0, 3, 1, 3, 3, 0, 0, 3]"
Kernow,1567.3906414007113,"[1, 3, 0, 3, 3, 3, 3, 1, 3, 3]"
Cambodia,1206.0172226688007,"[0, 0, 0, 1, 3, 3, 0, 0, 3, 0]"
Thailand,1554.8241683712922,"[1, 1, 3, 3, 3, 3, 3, 0, 0, 1]"
Vietnam Republic,1440.9357359880482,"[3, 1, 3, 0, 1, 0, 0, 0, 0, 0]"
Kyrgyzstan,1447.5991899949504,"[0, 0, 0, 3, 1, 1, 0, 0, 1, 1]"
Moldova,1346.996445080982,"[0, 0, 0, 1, 0, 0, 0, 0, 1, 1]"
North Vietnam,1467.8516497119065,"[1, 3, 1, 0, 3, 3, 1, 0, 0, 3]"
Togo,1474.672378210574,"[1, 0, 0, 3, 0, 1, 1, 3, 1, 3]"
North Korea,1503.906076198184,"[1, 1, 0, 0, 0, 1, 0, 0, 1, 0]"
Sudan,1440.2151280301127,"[0, 0, 3, 1, 0, 0, 0, 3, 0, 0]"
Malta,1370.8390242897497,"[1, 0, 1, 3, 0, 0, 3, 0, 0, 3]"
Tunisia,1654.99475233867,"[0, 1, 1, 3, 1, 0, 0, 0, 0, 0]"
Libya,1515.1679573053207,"[1, 0, 3, 3, 1, 1, 3, 1, 1, 1]"
Malawi,1423.5978626787416,"[0, 3, 1, 3, 0, 1, 3, 0, 0, 1]"
Morocco,1862.565023026233,"[3, 3, 3, 1, 1, 3, 3, 1, 3, 0]"
Benin,1497.3666234706159,"[0, 0, 0, 3, 0, 0, 3, 3, 1, 0]"
Cape Verde,1604.0636526821006,"[1, 1, 0, 1, 3, 0, 1, 1, 1, 0]"
Congo,1386.838682103953,"[0, 3, 0, 0, 1, 0, 0, 1, 0, 0]"
Mali,1632.8625042758815,"[3, 3, 3, 1, 1, 1, 1, 0, 1, 0]"
Central African Republic,1377.0912080222429,"[0, 0, 1, 3, 0, 0, 0, 3, 1, 0]"
Ivory Coast,1732.8535922985354,"[3, 3, 0, 3, 3, 3, 3, 0, 3, 0]"
Burkina Faso,1599.5146236715063,"[3, 3, 3, 0, 3, 0, 3, 1, 0, 1]"
Gabon,1517.4162193954594,"[3, 1, 3, 3, 0, 0, 0, 0, 0, 1]"
Iraq,1662.783257604719,"[3, 0, 0, 3, 3, 1, 0, 0, 0, 0]"
Saint Vincent and the Grenadines,1399.2284892537425,"[3, 1, 3, 0, 3, 3, 0, 3, 0, 3]"
Senegal,1768.167556490586,"[3, 0, 3, 3, 0, 1, 0, 0, 3, 0]"
Laos,1121.9754391859833,"[0, 0, 3, 0, 0, 0, 0, 0, 0, 0]"
Chad,1309.4115135495583,"[0, 0, 1, 0, 1, 0, 0, 0, 0, 1]"
Niger,1421.654373822325,"[0, 3, 3, 3, 0, 1, 1, 0, 1, 0]"
Mauritania,1457.781807587383,"[3, 1, 1, 0, 1, 0, 0, 0, 1, 3]"
Liberia,1400.2672816529182,"[3, 0, 1, 3, 1, 0, 0, 1, 0, 3]"
Guinea,1517.8775684296404,"[0, 3, 1, 3, 1, 3, 1, 1, 0, 0]"
Algeria,1780.7078636458734,"[3, 0, 3, 1, 3, 3, 0, 3, 1, 0]"
Kuwait,1492.4194418026166,"[0, 1, 0, 3, 1, 3, 1, 0, 0, 1]"
Jordan,1634.277363475368,"[3, 3, 0, 1, 1, 0, 0, 0, 0, 0]"
Papua New Guinea,1473.5682407263696,"[3, 0, 1, 0, 1, 3, 3, 3, 3, 1]"
Solomon Islands,1449.2622761960884,"[0, 0, 3, 3, 0, 0, 0, 0, 0, 0]"
Somalia,1167.2024395364792,"[0, 0, 1, 0, 0, 0, 0, 0, 3, 1]"
Saudi Arabia,1642.2597775952236,"[3, 0, 0, 0, 0, 3, 1, 1, 0, 1]"
Bermuda,1397.4588289407166,"[3, 3, 0, 0, 0, 0, 0, 1, 0, 3]"
Palestine,1510.1200211763348,"[1, 0, 0, 1, 3, 1, 1, 0, 1, 1]"
Bahrain,1536.7724285765098,"[0, 1, 0, 0, 0, 3, 0, 0, 3, 0]"
Yemen,1335.3156602523395,"[3, 0, 0, 3, 1, 1, 3, 3, 3, 1]"
Oman,1587.0170071367984,"[1, 1, 0, 3, 0, 1, 0, 1, 3, 0]"
Wallis Islands and Futuna,1392.1104392309433,"[0, 0, 0, 0, 0, 3, 0, 0, 0, 0]"
Corsica,1546.725105931094,"[3, 0, 1, 3, 1, 3, 3, 1, 1]"
Western Australia,1438.6840472519827,"[0, 3, 0, 0, 3, 0, 1, 0, 3, 1]"
Eswatini,1340.396124432732,"[1, 0, 1, 0, 1, 1, 0, 0, 1, 0]"
Botswana,1425.939084985423,"[3, 0, 0, 0, 1, 0, 0, 0, 0, 3]"
Qatar,1584.1556367471667,"[3, 0, 0, 1, 0, 0, 1, 1, 0, 0]"
Lesotho,1383.4097816041383,"[0, 3, 1, 0, 0, 0, 3, 1, 0, 1]"
Bahamas,1220.7467926038441,"[1, 0, 3, 0, 0, 0, 0, 0, 0, 0]"
Brunei,1113.3824761767798,"[3, 0, 1, 0, 0, 0, 3, 0, 0, 0]"
Cook Islands,1327.5308257076167,"[0, 0, 0, 3, 0, 0, 0, 0, 3, 0]"
Yemen DPR,1424.7746687091937,"[1, 0, 1, 0, 0, 1, 0, 0, 0, 3]"
United Arab Emirates,1624.4448475978043,"[3, 3, 0, 1, 0, 0, 1, 3, 1, 0]"
Faroe Islands,1379.468221795483,"[3, 0, 3, 3, 3, 0, 3, 3, 0, 3]"
Nepal,1238.624237424991,"[3, 3, 0, 1, 0, 1, 0, 0, 1, 0]"
Antigua and Barbuda,1299.197659366832,"[0, 0, 0, 0, 0, 1, 0, 0, 1, 0]"
Bangladesh,1251.5214029587091,"[1, 3, 0, 1, 0, 1, 1, 3, 0, 3]"
Seychelles,1146.9840435571055,"[0, 0, 0, 0, 0, 0, 0, 0, 0, 0]"
Equatorial Guinea,1454.5201711286245,"[0, 0, 1, 0, 0, 0, 0, 3, 1, 0]"
Mozambique,1464.7818389688985,"[3, 0, 3, 0, 1, 0, 3, 0, 0, 0]"
Guam,1177.009975956759,"[0, 0, 1, 0, 3, 0, 0, 3, 0, 0]"
Angola,1544.4659057194817,"[3, 1, 1, 0, 3, 0, 1, 1, 1, 3]"
São Tomé and Príncipe,1266.5613407091591,"[1, 1, 0, 0, 0, 0, 0, 0, 0, 3]"
Rwanda,1460.4724921744726,"[0, 1, 0, 0, 0, 3, 0, 0, 3, 3]"
Northern Cyprus,1623.8143641585577,"[1, 1, 3, 1, 3, 3, 1, 3, 3, 3]"
Armenia,1436.3040633337296,"[1, 0, 3, 0, 0, 0, 0, 0, 1, 1]"
Georgia,1620.340809432489,"[0, 3, 0, 0, 0, 0, 1, 3, 1, 3]"
Azerbaijan,1411.7749934496987,"[0, 1, 0, 0, 0, 0, 3, 1, 0, 3]"
Kazakhstan,1453.4100438541775,"[0, 0, 3, 1, 1, 0, 3, 3, 1, 0]"
Comoros,1457.9411289906411,"[1, 0, 0, 0, 0, 1, 1, 1, 0, 3]"
Maldives,1184.361157970742,"[0, 0, 0, 3, 1, 0, 0, 0, 0, 0]"
Tonga,1278.8006708931441,"[0, 0, 0, 0, 0, 3, 0, 0, 3, 0]"
Tuvalu,1363.9948595278495,"[0, 0, 0, 1, 0, 0, 0, 0, 3, 3]"
Kiribati,1408.7883483037328,"[0, 1, 0, 0, 0, 0, 0, 0, 0, 0]"
Samoa,1366.696009808271,"[3, 3, 0, 0, 0, 3, 3, 0, 0, 0]"
Greenland,1464.2399448771764,"[3, 1, 0, 1, 3, 0, 0, 0, 3, 3]"
Liechtenstein,1127.6966719203872,"[0, 0, 0, 0, 0, 0, 3, 0, 0, 0]"
Bhutan,1056.0152529112718,"[0, 0, 3, 1, 0, 0, 0, 0, 0, 0]"
South Yemen,1481.8729573070336,"[0, 0, 0]"
Niue,1483.4821562100628,"[0, 0]"
American Samoa,1213.0892631308802,"[1, 0, 0, 0, 0, 0, 0, 0, 0, 0]"
Belize,1349.5595282019485,"[3, 1, 0, 0, 0, 0, 3, 3, 0, 0]"
Cayman Islands,1249.9378199669732,"[1, 0, 0, 0, 0, 0, 3, 1, 3, 0]"
Anguilla,1135.292637876767,"[0, 0, 0, 0, 0, 0, 3, 0, 3, 0]"
British Virgin Islands,1202.1721645722582,"[1, 0, 0, 0, 3, 3, 1, 3, 0, 3]"
Palau,1474.021904030621,"[0, 0]"
Sint Maarten,1380.0581260834538,"[3, 0, 3, 0, 0, 3, 1, 3, 3, 1]"
Namibia,1429.4095398359773,"[3, 1, 0, 3, 0, 0, 0, 0, 0, 1]"
Shetland,1481.1631690929476,"[0, 0, 0, 0, 3, 3, 3, 1, 1, 0]"
Ynys Môn,1617.6437290501449,"[3, 3, 3, 3, 3, 3, 3, 0, 3, 3]"
Åland Islands,1495.6042781831052,"[0, 1, 1, 1, 3, 3, 0, 0, 0, 1]"
Saint Martin,1344.5635901751923,"[0, 3, 0, 3, 0, 0, 3, 0, 3, 3]"
San Marino,1043.1473699930195,"[0, 0, 0, 0, 0, 0, 0, 1, 0, 0]"
Montserrat,1331.838144658231,"[0, 0, 0, 0, 3, 0, 0, 0, 3, 0]"
Slovenia,1664.3709923966867,"[1, 0, 1, 1, 0, 1, 0, 3, 1, 0]"
Isle of Wight,1594.1320045226128,"[3, 3, 1, 3, 3, 0, 3, 3, 3, 0]"
Turkmenistan,1412.1775903204468,"[0, 0, 3, 0, 1, 3, 3, 0, 3, 3]"
Tajikistan,1456.8323642641262,"[3, 0, 3, 3, 1, 3, 3, 3, 3, 1]"
Uzbekistan,1693.9000209345425,"[3, 1, 1, 3, 1, 0, 0, 0, 0, 0]"
Eritrea,1301.3144783486334,"[1, 0, 0, 0, 0, 0, 0, 0, 0, 0]"
Gibraltar,1261.8045511319335,"[0, 0, 0, 0, 0, 0, 0, 0, 3, 3]"
Isle of Man,1615.7741622677138,"[3, 3, 0, 0, 3, 3, 3, 3, 0, 3]"
North Macedonia,1568.374396269586,"[0, 3, 1, 1, 1, 0, 0, 1, 1, 0]"
Czech Republic,1702.7365505630828,"[0, 3, 3, 1, 1, 3, 3, 0, 1, 0]"
Bosnia and Herzegovina,1601.5174393442003,"[3, 1, 1, 1, 1, 1, 1, 0, 3, 0]"
Canary Islands,1511.9039083011512,"[3, 3, 0, 3]"
Andorra,1200.8136805480956,"[1, 1, 0, 0, 0, 0, 1, 0, 3, 0]"
Hitra,1418.1854358554788,"[0, 3, 1, 3, 0, 0, 0, 0, 3, 3]"
Frøya,1338.8768811203363,"[1, 0, 0, 0, 0, 3, 0, 0, 0, 0]"
United States Virgin Islands,1198.7863901805772,"[1, 1, 1, 0, 0, 0, 1, 3, 3, 0]"
Northern Mariana Islands,1256.571656553312,"[0, 0, 0, 1, 0, 0, 3, 0, 1, 3]"
Turks and Caicos Islands,1281.1284650283071,"[1, 0, 1, 1, 0, 0, 3, 0, 1, 3]"
Micronesia,1446.8300239798643,"[0, 0, 3, 0, 0, 0, 0]"
Saare County,1384.3973533502012,"[3, 0, 0, 0, 0, 3, 0, 1, 1, 3]"
Rhodes,1553.3942016585665,"[3, 3, 3, 0, 3, 0, 3, 3, 3, 0]"
Gotland,1460.7346478939392,"[3, 0, 0, 0, 0, 0, 3, 3, 0, 0]"
Monaco,1477.0040005484814,"[1, 0, 0, 3, 0, 0, 3, 0, 3, 1]"
Western Sahara,1466.2509609333115,"[1, 0, 0, 0, 3, 3, 0, 0, 0]"
Tibet,1364.8705803563787,"[0, 0, 0, 0, 1, 1, 0, 0, 0, 0]"
Orkney,1443.2112366141457,"[0, 3, 0, 1, 3, 0, 3, 3, 0, 3]"
Falkland Islands,1348.4295187253297,"[0, 0, 0, 0, 0, 0, 0, 0, 0, 1]"
Mayotte,1446.317482628694,"[3, 3, 0, 3, 0, 3, 0, 3, 1, 1]"
Vatican City,1446.5842093028875,"[1, 0, 0, 0, 0, 1, 1, 0]"
Timor-Leste,1072.4001823109204,"[0, 0, 3, 0, 0, 0, 0, 0, 0, 0]"
Sark,1460.1211399502636,"[0, 0, 0, 0]"
Sealand,1494.930693344789,"[1, 3, 0, 0, 1, 3, 1, 1, 3, 3]"
Occitania,1592.4403038826179,"[3, 3, 3, 3, 1, 3, 1, 1, 3, 3]"
Chechnya,1480.5926796031551,"[0, 1, 0]"
Ambazonia,1451.4194061332669,"[1, 0, 0, 0, 0, 0]"
Western Isles,1466.1398312955953,"[0, 0, 0, 3, 0, 0, 3, 3, 0, 1]"
Kosovo,1621.1722862656625,"[0, 3, 1, 3, 3, 1, 3, 0, 0, 3]"
Sápmi,1463.5059964127179,"[0, 0, 3, 3, 0, 0, 0, 0, 3, 0]"
Republic of St. Pauli,1486.3987532387573,"[1, 3, 0, 0]"
Găgăuzia,1471.2133827742587,"[0, 0, 1]"
Crimea,1506.5624519672288,"[0, 3, 3, 3, 0]"
Romani people,1476.4864529134973,"[3, 0, 0, 0, 3, 0, 0]"
Menorca,1522.4156889910098,"[3, 3, 1, 3, 1, 0, 3, 0, 0, 0]"
Iraqi Kurdistan,1564.9873277812017,"[0, 3, 1, 1, 1, 3, 3, 1, 1, 1]"
Padania,1613.5588661402478,"[0, 1, 3, 0, 1, 3, 0, 3, 3, 0]"
Arameans Suryoye,1521.6501155966416,"[3, 3, 1, 0, 0, 3, 3, 1, 0, 3]"
Gozo,1481.7571641152258,"[0, 3, 3, 0, 3, 3, 0, 1, 0, 1]"
Two Sicilies,1462.2294651191858,"[0, 3, 0, 0, 0, 0]"
Saint Barthélemy,1458.859916882284,"[0, 0, 3, 3, 0, 0, 1, 3, 3, 0]"
Saint Pierre and Miquelon,1431.4571761526538,"[0, 0, 0, 0, 0, 0, 0]"
Bonaire,1321.8549626705137,"[0, 3, 0, 0, 0, 0, 0, 3, 0, 0]"
Chagos Islands,1425.1231128300765,"[0, 0, 1, 3, 0, 0, 0, 0, 0, 0]"
Raetia,1419.7662559214536,"[1, 0, 0, 1, 1, 3, 3, 0, 0, 1]"
Cilento,1490.339865030796,[0]
Kurdistan,1532.146448907773,"[3, 1, 3, 3, 3]"
Darfur,1435.8778614217442,"[0, 0, 0, 0, 0, 0, 0]"
Tamil Eelam,1534.6975551901876,"[0, 3, 0, 3, 3, 3, 3, 3, 3, 3]"
South Sudan,1317.4053515228447,"[0, 3, 0, 0, 1, 0, 1, 0, 1, 0]"
Abkhazia,1573.7886353964204,"[0, 1, 3, 3, 3, 3, 3, 1, 1, 1]"
Artsakh,1531.1972782675944,"[3, 0, 0, 3, 3, 3, 0, 1, 3, 3]"
Madrid,1492.0982874741528,[0]
Quebec,1506.7082778937847,"[3, 3, 0]"
Saugeais,1499.1190197698822,[1]
South Ossetia,1479.9245566118148,"[0, 0, 0, 3, 3, 1, 1, 3, 3, 0]"
Ellan Vannin,1539.9380897235933,"[1, 0, 3, 0, 1, 1, 3, 3, 3, 0]"
Somaliland,1489.2763040974191,"[1, 0, 0, 3, 3, 0]"
Franconia,1504.7710868065262,"[3, 0, 3]"
County of Nice,1544.5183010508383,"[0, 3, 3, 3, 1, 3, 3, 3, 0]"
Seborga,1489.5537222111195,[0]
Székely Land,1473.7568632827254,"[3, 0, 1, 0, 0, 1, 0, 0, 3, 3]"
Luhansk PR,1489.7088769523555,"[0, 3, 0, 1, 0, 3]"
Donetsk PR,1503.6943912175745,"[0, 0, 3, 1, 1, 3]"
Panjab,1521.9113424802642,"[3, 0, 3, 0, 1, 0, 3, 1, 0, 3]"
Felvidék,1501.6843028923977,"[3, 0, 0, 1, 1, 3, 3, 0, 0, 3]"
United Koreans in Japan,1498.435410677703,"[1, 0, 1, 3, 1, 1, 1, 3, 0, 1]"
Western Armenia,1487.3119342976431,"[3, 3, 0, 0, 3, 0, 3, 1, 1, 0]"
Kárpátalja,1543.5947683228062,"[0, 1, 3, 1, 1, 3, 3, 3, 3, 1]"
Délvidék,1498.3412065889459,"[3, 0]"
Barawa,1450.3789257031474,"[3, 0, 0, 3, 0, 3, 0, 0, 0, 0]"
Ryūkyū,1489.811831814306,[0]
Yorkshire,1537.9629563268977,"[1, 3, 3, 0, 3, 3, 3]"
Surrey,1509.3934218575102,[3]
Matabeleland,1500.0696566719087,"[0, 0, 3, 1, 3, 1, 3, 0]"
Cascadia,1519.2575847054661,"[0, 3, 3, 0, 3, 1, 3]"
Kabylia,1480.9887049022707,"[0, 1, 0, 1, 3, 0]"
Parishes of Jersey,1509.3576021317149,"[3, 0, 3]"
Chameria,1510.147363347396,"[0, 3, 3, 1, 1, 0, 3]"
Saint Helena,1431.4800800069888,"[0, 0, 0, 0, 0, 0, 0, 0]"
West Papua,1487.6236019203363,"[0, 1]"
East Turkestan,1486.95817915307,"[3, 0, 0, 3, 0]"
Elba Island,1516.048397442519,"[3, 3]"
Yoruba Nation,1489.7232060999622,"[1, 0]"
Biafra,1510.5878869767962,"[0, 3, 3]"
Mapuche,1500.28774368332,"[0, 3]"
Maule Sur,1519.4167345713752,"[3, 3]"
Aymara,1480.2955217453048,"[0, 0]"
Canton Ticino,1468.6432853245103,"[0, 0, 3, 0, 0]"
Hmong,1486.8470115815542,"[0, 3, 0]"
Marshall Islands,1467.131143949776,"[0, 0]"
Rouet-Provence,1480.71575856585,"[0, 0, 1]"
